{"cameraMode":{"drawMode":0,"name":"Shaded","section":"Shading Mode"},"sceneLighting":true,"audioPlay":false,"sceneViewState":{"showFog":true,"showMaterialUpdate":false,"showSkybox":true,"showFlares":true,"showImageEffects":true,"showParticleSystems":true},"in2DMode":false,"pivot":{"x":1.0191093683242798,"y":2.9419379234313967,"z":-4.636076927185059},"rotation":{"x":0.0073514594696462158,"y":-0.04643554240465164,"z":0.0003818855620920658,"w":0.9989140629768372},"size":6.138126850128174,"orthographic":false}